{
  "rootDir": "../",
  "testRegex": "/*.*/?(.*).(spec|test).(jsx?|tsx?)$",
  "moduleFileExtensions": ["ts", "tsx", "js", "jsx", "json", "worker.ts", "worker.tsx"],
  "modulePathIgnorePatterns": ["<rootDir>/dist", "<rootDir>/src/types", "<rootDir>/src/assets"],
  "moduleNameMapper": {
    "test-utils": "<rootDir>/jest_config/test-utils",
    "fixtures": "<rootDir>/jest_config/__fixtures__",
    "\\.(jpg|jpeg|png|gif|eot|otf|webp|svg|ttf|woff|woff2|mp4|webm|wav|mp3|m4a|aac|oga)$": "<rootDir>/jest_config/__mocks__/fileMock.ts",
    "\\.(css|scss)$": "<rootDir>/jest_config/__mocks__/styleMock.ts",
    "^@store": "<rootDir>src/services/Store/store",
    "^@(.+)$": ["<rootDir>/node_modules/$0", "<rootDir>/src/$1"]
  },
  "testPathIgnorePatterns": [
    "/node_modules/",
    "<rootDir>/dist",
    "<rootDir>/__tests__",
    "/*\\.(stories)/"
  ],
  "setupFiles": [
    "<rootDir>/jest_config/setupJest.js",
    "<rootDir>/jest_config/__mocks__/localStorage.ts",
    "jest-canvas-mock"
  ],
  "setupFilesAfterEnv": ["@testing-library/jest-dom/extend-expect"],
  "automock": false,
  "collectCoverageFrom": [
    "**/src/**/*.{js,jsx,ts,tsx}",
    "**/node-scripts/**/*.{js,jsx,ts,tsx}",
    "!**/src/types/**",
    "!**/node_modules/**",
    "!**/vendor/**",
    "!**/spec/**",
    "!**/__tests__/**",
    "!**/*.stories.{js,jsx,ts,tsx}",
    "!**/src/features/DeFiZap/**"
  ],
  "coverageThreshold": {
    "global": {
      "statements": 30,
      "branches": 25,
      "functions": 20,
      "lines": 30
    }
  }
}
